{
  "খুলনা বিভাগ": {
    "কুষ্টিয়া": [
      "কুমারখালী",
      "কুষ্টিয়া সদর",
      "খোকসা",
      "দৌলতপুর",
      "ভেড়ামারা",
      "মিরপুর"
    ],
    "খুলনা": [
      "কয়রা",
      "ডুমুরিয়া",
      "তেরখাদা",
      "দাকোপ",
      "দিঘলিয়া",
      "পাইকগাছা",
      "ফুলতলা",
      "বটিয়াঘাটা",
      "রূপসা"
    ],
    "চুয়াডাঙ্গা": ["আলমডাঙ্গা", "চুয়াডাঙ্গা সদর", "জীবননগর", "দামুড়হুদা"],
    "ঝিনাইদহ": [
      "কালীগঞ্জ",
      "কোটচাঁদপুর",
      "ঝিনাইদহ সদর",
      "মহেশপুর",
      "শৈলকুপা",
      "হরিণাকুন্ডু"
    ],
    "নড়াইল": ["কালিয়া", "নড়াইল সদর", "লোহাগড়া"],

    "বাগেরহাট": [
      "কচুয়া",
      "চিতলমারী",
      "ফকিরহাট",
      "বাগেরহাট সদর",
      "মোংলা",
      "মোড়েলগঞ্জ",
      "মোল্লাহাট",
      "রামপাল",
      "শরণখোলা"
    ],
    "মাগুরা": ["মাগুরা সদর", "মোহাম্মদপুর", "শালিখা", "শ্রীপুর"],

    "মেহেরপুর": ["মেহেরপুর সদর", "গাংনী", "মুজিবনগর"],
    "যশোর": [
      "অভয়নগর",
      "কেশবপুর",
      "চৌগাছা",
      "ঝিকরগাছা",
      "বাঘারপাড়া",
      "মনিরামপুর",
      "যশোর সদর",
      "শার্শা"
    ],
    "সাতক্ষীরা": [
      "আশাশুনি",
      "কলারোয়া",
      "কালীগঞ্জ",
      "তালা",
      "দেবহাটা",
      "শ্যামনগর",
      "সাতক্ষীরা সদর"
    ]
  },
  "চট্টগ্রাম বিভাগ": {
    "চট্টগ্রাম": [
      "আনোয়ারা",
      "কর্ণফুলি",
      "চন্দনাইশ",
      "পটিয়া",
      "ফটিকছড়ি",
      "বাঁশখালী",
      "বোয়ালখালী",
      "মীরসরাই",
      "রাউজান",
      "রাঙ্গুনিয়া",
      "লোহাগাড়া",
      "সন্দ্বীপ",
      "সাতকানিয়া",
      "সীতাকুণ্ড",
      "হাটহাজারী"
    ],
    "কক্সবাজার": [
      "কক্সবাজার সদর",
      "উখিয়া",
      "কুতুবদিয়া",
      "চকরিয়া",
      "টেকনাফ",
      "পেকুয়া",
      "মহেশখালী",
      "রামু",
      "ঈদগাঁও"
    ],
    "বান্দরবান": [
      "বান্দরবান সদর",
      "আলিকদম",
      "থানচি",
      "নাইক্ষ্যংছড়ি",
      "রুমা",
      "রোয়াংছড়ি",
      "লামা"
    ],
    "খাগড়াছড়ি": [
      "খাগড়াছড়ি সদর",
      "দীঘিনালা",
      "পানছড়ি",
      "মহালছড়ি",
      "মাটিরাঙ্গা",
      "মানিকছড়ি",
      "রামগড়",
      "লক্ষীছড়ি",
      "গুইমারা"
    ],
    "রাঙ্গামাটি": [
      "রাঙ্গামাটি সদর",
      "কাউখালী",
      "কাপ্তাই",
      "জুরাছড়ি",
      "নানিয়াচর",
      "বরকল",
      "বাঘাইছড়ি",
      "বিলাইছড়ি",
      "রাজস্থলী",
      "লংগদু"
    ],
    "নোয়াখালী": [
      "নোয়াখালী সদর",
      "বেগমগঞ্জ",
      "চাটখিল",
      "কোম্পানীগঞ্জ",
      "হাতিয়া",
      "সেনবাগ",
      "সুবর্ণ চর",
      "সোনাইমুড়ি",
      "কবিরহাট"
    ],
    "লক্ষ্মীপুর": ["লক্ষ্মীপুর সদর", "কমলনগর", "রামগঞ্জ", "রামগতি", "রায়পুর"],
    "ফেনী": [
      "ফেনী সদর",
      "দাগনভূঁইয়া",
      "সোনাগাজী",
      "ছাগলনাইয়া",
      "পরশুরাম",
      "ফুলগাজী"
    ],
    "কুমিল্লা": [
      "কুমিল্লা সদর",
      "বরুরা",
      "চান্দিনা",
      "দাউদকান্দি",
      "লাকসাম",
      "ব্রাহ্মণপাড়া",
      "বুড়িচং",
      "চৌদ্দগ্রাম",
      "দেবিদ্বার",
      "হোমনা",
      "মুরাদনগর",
      "নাঙ্গলকোট",
      "মেঘনা",
      "তিতাস",
      "মনোহরগঞ্জ",
      "সদর দক্ষিণ",
      "লালমাই"
    ],
    "চাঁদপুর": [
      "চাঁদপুর সদর",
      "হাজীগঞ্জ",
      "কচুয়া",
      "ফরিদগঞ্জ",
      "মতলব উত্তর",
      "মতলব দক্ষিণ",
      "হাইমচর",
      "শাহরাস্তি"
    ],
    "ব্রাহ্মণবাড়িয়া": [
      "আশুগঞ্জ",
      "আখাউড়া",
      "কসবা",
      "নবীনগর",
      "নাসিরনগর",
      "বাঞ্ছারামপুর",
      "ব্রাহ্মণবাড়িয়া সদর",
      "সরাইল",
      "বিজয়নগর"
    ]
  },
  "ঢাকা বিভাগ": {
    "ফরিদপুর": [
      "ফরিদপুর সদর",
      "বোয়ালমারী",
      "আলফাডাঙ্গা",
      "মধুখালী",
      "নগরকান্দা",
      "সালথা",
      "ভাঙ্গা",
      "চর ভদ্রাসন",
      "সদরপুর"
    ],
    "রাজবাড়ী": [
      "রাজবাড়ী সদর",
      "গোয়ালন্দ",
      "পাংশা",
      "বালিয়াকান্দি",
      "কালুখালী"
    ],
    "গোপালগঞ্জ": [
      "গোপালগঞ্জ সদর",
      "মুকসুদপুর",
      "কাশিয়ানী",
      "কোটালীপাড়া",
      "টুঙ্গিপাড়া"
    ],
    "মাদারীপুর": ["মাদারীপুর সদর", "শিবচর", "রাজৈর", "কালকিনি", "ডাসার"],
    "শরীয়তপুর": [
      "শরীয়তপুর সদর",
      "জাজিরা",
      "নড়িয়া",
      "ভেদরগঞ্জ",
      "ডামুড্যা",
      "গোসাইরহাট"
    ],
    "ঢাকা": ["ধামরাই", "সাভার", "দোহার", "কেরানীগঞ্জ", "নবাবগঞ্জ"],
    "মানিকগঞ্জ": [
      "মানিকগঞ্জ সদর",
      "শিবালয়",
      "ঘিওর",
      "দৌলতপুর",
      "সাটুরিয়া",
      "সিঙ্গাইর",
      "হরিরামপুর"
    ],
    "মুন্সিগঞ্জ": [
      "মুন্সিগঞ্জ সদর",
      "শ্রীনগর",
      "লৌহজং",
      "সিরাজদিখান",
      "টংগিবাড়ী",
      "গজারিয়া"
    ],
    "গাজীপুর": [
      "গাজীপুর সদর",
      "কালিয়াকৈর",
      "কালীগঞ্জ",
      "কাপাসিয়া",
      "শ্রীপুর"
    ],
    "নারায়ণগঞ্জ": [
      "নারায়ণগঞ্জ সদর",
      "বন্দর",
      "সোনারগাঁও",
      "আড়াইহাজার",
      "রূপগঞ্জ"
    ]
  },
  "রাজশাহী বিভাগ": {
    "রাজশাহী": [
      "বাঘা",
      "পুঠিয়া",
      "পবা",
      "বাগমারা",
      "তানোর",
      "মোহনপুর",
      "চারঘাট",
      "গোদাগারী",
      "দূর্গাপুর"
    ],
    "নাটোর": [
      "নাটোর সদর",
      "বাগাতিপাড়া",
      "বরাইগ্রাম",
      "গুরুদাসপুর",
      "লালপুর",
      "সিংড়া",
      "নলডাঙ্গা"
    ],
    "চাঁপাইনবাবগঞ্জ": [
      "চাঁপাইনবাবগঞ্জ সদর",
      "গোমস্তাপুর",
      "শিবগঞ্জ",
      "নাচোল",
      "ভোলাহাট"
    ],
    "জয়পুরহাট": [
      "পাঁচবিবি",
      "কালাই",
      "ক্ষেতলাল",
      "আক্কেলপুর",
      "জয়পুরহাট সদর"
    ],
    "নওগাঁ": [
      "পত্নীতলা",
      "ধামুরহাট",
      "মহাদেবপুর",
      "পোরশা",
      "সাপাহার",
      "বদলগাছী",
      "মান্দা",
      "নিয়ামতপুর",
      "আত্রাই",
      "রানীনগর",
      "নওগাঁ সদর"
    ],
    "বগুড়া": [
      "আদমদিঘী",
      "বগুড়া সদর",
      "ধুনট",
      "দুপচাঁচিয়া",
      "গাবতলী",
      "কাহালু",
      "নন্দীগ্রাম",
      "সারিয়াকান্দি",
      "শেরপুর",
      "শিবগঞ্জ",
      "সোনাতলা",
      "শাজাহানপুর"
    ],
    "পাবনা": [
      "আটঘরিয়া",
      "ঈশ্বরদী",
      "চাটমোহর",
      "পাবনা সদর",
      "ফরিদপুর",
      "বেড়া",
      "ভাঙ্গুরা",
      "সাঁথিয়া",
      "সুজানগর"
    ],
    "সিরাজগঞ্জ": [
      "উল্লাপাড়া",
      "কাজীপুর",
      "কামারখন্দ",
      "চৌহালি",
      "তাড়াশ",
      "বেলকুচি",
      "রায়গঞ্জ",
      "শাহজাদপুর",
      "সিরাজগঞ্জ সদর"
    ]
  },
  "সিলেট বিভাগ": {
    "সিলেট": [
      "সিলেট সদর",
      "দক্ষিণ সুরমা",
      "বিশ্বনাথ",
      "ওসমানীনগর",
      "বালাগঞ্জ",
      "ফেঞ্চুগঞ্জ",
      "গোলাপগঞ্জ",
      "বিয়ানীবাজার",
      "জকিগঞ্জ",
      "কানাইঘাট",
      "জৈন্তাপুর",
      "গোয়াইনঘাট",
      "কোম্পানীগঞ্জ"
    ],
    "সুনামগঞ্জ": [
      "সুনামগঞ্জ সদর",
      "বিশ্বম্ভরপুর",
      "তাহিরপুর",
      "মধ্যনগর",
      "ধর্মপাশা",
      "জামালগঞ্জ",
      "শান্তিগঞ্জ",
      "দোয়ারাবাজার",
      "ছাতক",
      "জগন্নাথপুর",
      "দিরাই",
      "শাল্লা"
    ],
    "হবিগঞ্জ": [
      "হবিগঞ্জ সদর",
      "নবীগঞ্জ",
      "বাহুবল",
      "চুনারুঘাট",
      "শায়েস্তাগঞ্জ",
      "মাধবপুর",
      "লাখাই",
      "বানিয়াচং",
      "আজমিরীগঞ্জ"
    ],
    "মৌলভীবাজার": [
      "মৌলভীবাজার সদর",
      "রাজনগর",
      "শ্রীমঙ্গল",
      "কমলগঞ্জ",
      "কুলাউড়া",
      "জুড়ী",
      "বড়লেখা"
    ]
  },
  "বরিশাল বিভাগ": {
    "বরিশাল": [
      "আগৈলঝাড়া",
      "বাকেরগঞ্জ",
      "বাবুগঞ্জ",
      "বানারীপাড়া",
      "গৌরনদী",
      "হিজলা",
      "বরিশাল সদর",
      "মেহেন্দিগঞ্জ",
      "মুলাদী",
      "উজিরপুর"
    ],
    "বরগুনা": ["বরগুনা সদর", "আমতলী", "তালতলী", "পাথরঘাটা", "বেতাগি", "বামনা"],
    "ভোলা": [
      "চরফ্যাশন",
      "তজমুদ্দিন",
      "দৌলতখান",
      "বোরহানউদ্দিন",
      "ভোলা সদর",
      "মনপুরা",
      "লালমোহন"
    ],
    "ঝালকাঠি": ["কাঁঠালিয়া", "ঝালকাঠি সদর", "নলছিটি", "রাজাপুর"],
    "পটুয়াখালী": [
      "পটুয়াখালী সদর",
      "বাউফল",
      "দশমিনা",
      "গলাচিপা",
      "কলাপাড়া",
      "মির্জাগঞ্জ",
      "দুমকি",
      "রাঙ্গাবালী"
    ],
    "পিরোজপুর": [
      "কাউখালী",
      "নাজিরপুর",
      "নেছারাবাদ (স্বরূপকাঠি)",
      "পিরোজপুর সদর",
      "ভান্ডারিয়া",
      "মঠবাড়িয়া",
      "ইন্দুরকানী"
    ]
  },
  "রংপুর বিভাগ": {
    "রংপুর": [
      "রংপুর সদর",
      "বদরগঞ্জ",
      "গংগাচড়া",
      "কাউনিয়া",
      "মিঠাপুকুর",
      "পীরগাছা",
      "পীরগঞ্জ",
      "তারাগঞ্জ"
    ],
    "দিনাজপুর": [
      "বিরামপুর",
      "বীরগঞ্জ",
      "বোচাগঞ্জ",
      "ফুলবাড়ী",
      "চিরিরবন্দর",
      "ঘোড়াঘাট",
      "হাকিমপুর",
      "কাহারোল",
      "খানসামা",
      "দিনাজপুর সদর",
      "নবাবগঞ্জ",
      "পার্বতীপুর",
      "বিরল"
    ],
    "গাইবান্ধা": [
      "গাইবান্ধা সদর",
      "ফুলছড়ি",
      "গোবিন্দগঞ্জ",
      "পলাশবাড়ী",
      "সাদুল্লাপুর",
      "সাঘাটা",
      "সুন্দরগঞ্জ"
    ],
    "কুড়িগ্রাম": [
      "উলিপুর",
      "কুড়িগ্রাম সদর",
      "চর রাজিবপুর",
      "চিলমারী",
      "নাগেশ্বরী",
      "ফুলবাড়ী",
      "ভুরুঙ্গামারী",
      "রাজারহাট",
      "রৌমারী"
    ],
    "নীলফামারী": [
      "নীলফামারী সদর",
      "ডোমার",
      "ডিমলা",
      "জলঢাকা",
      "কিশোরগঞ্জ",
      "সৈয়দপুর"
    ],

    "পঞ্চগড়": ["দেবীগঞ্জ", "তেতুলিয়া", "পঞ্চগড় সদর", "আটোয়ারী", "বোদা"],

    "ঠাকুরগাঁও": [
      "ঠাকুরগাঁও সদর",
      "পীরগঞ্জ",
      "বালিয়াডাঙ্গী",
      "রানীশংকৈল",
      "হরিপুর"
    ],
    "লালমনিরহাট": [
      "আদিতমারী",
      "কালীগঞ্জ",
      "পাটগ্রাম",
      "লালমনিরহাট সদর",
      "হাতীবান্ধা"
    ]
  },
  "ময়মনসিংহ বিভাগ": {
    "ময়মনসিংহ": [
      "ময়মনসিংহ সদর",
      "ত্রিশাল",
      "গৌরীপুর",
      "মুক্তাগাছা",
      "ফুলপুর",
      "তারাকান্দা",
      "হালুয়াঘাট",
      "ভালুকা",
      "ফুলবাড়িয়া",
      "গফরগাঁও",
      "ঈশ্বরগঞ্জ",
      "নান্দাইল",
      "ধোবাউড়া"
    ],
    "শেরপুর": ["ঝিনাইগাতী", "নকলা", "নালিতাবাড়ী", "শেরপুর সদর", "শ্রীবরদী"],
    "জামালপুর": [
      "জামালপুর সদর",
      "বকশীগঞ্জ",
      "দেওয়ানগঞ্জ",
      "ইসলামপুর",
      "মাদারগঞ্জ",
      "মেলান্দহ",
      "সরিষাবাড়ি"
    ],
    "নেত্রকোণা": [
      "আটপাড়া",
      "বারহাট্টা",
      "দুর্গাপুর",
      "খালিয়াজুড়ি",
      "কলমাকান্দা",
      "কেন্দুয়া",
      "মদন",
      "মোহনগঞ্জ",
      "নেত্রকোণা সদর",
      "পূর্বধলা"
    ]
  }
}
